Data Source,World Development Indicators,,,,,,,,,,,,,,,,,,,,,,,,,,,,,,,,,,,,,,,,,,,,,,,,,,,,,,,,,,,
,,,,,,,,,,,,,,,,,,,,,,,,,,,,,,,,,,,,,,,,,,,,,,,,,,,,,,,,,,,,
Last Updated Date,18-09-2017,,,,,,,,,,,,,,,,,,,,,,,,,,,,,,,,,,,,,,,,,,,,,,,,,,,,,,,,,,,
,,,,,,,,,,,,,,,,,,,,,,,,,,,,,,,,,,,,,,,,,,,,,,,,,,,,,,,,,,,,
Country Name,Country Code,Indicator Name,Indicator Code,1960,1961,1962,1963,1964,1965,1966,1967,1968,1969,1970,1971,1972,1973,1974,1975,1976,1977,1978,1979,1980,1981,1982,1983,1984,1985,1986,1987,1988,1989,1990,1991,1992,1993,1994,1995,1996,1997,1998,1999,2000,2001,2002,2003,2004,2005,2006,2007,2008,2009,2010,2011,2012,2013,2014,2015,2016
Aruba,ABW,"Share of youth not in education, employment or training, total (% of youth population)",SL.UEM.NEET.ZS,,,,,,,,,,,,,,,,,,,,,,,,,,,,,,,,,,,,,,,,,,,,,,,,,,,16.55999947,,,,,,
Afghanistan,AFG,"Share of youth not in education, employment or training, total (% of youth population)",SL.UEM.NEET.ZS,,,,,,,,,,,,,,,,,,,,,,,,,,,,,,,,,,,,,,,,,,,,,,,,,,,,,,,,,
Angola,AGO,"Share of youth not in education, employment or training, total (% of youth population)",SL.UEM.NEET.ZS,,,,,,,,,,,,,,,,,,,,,,,,,,,,,,,,,,,,,,,,,,,,,,,,,,,,,,,,,
Albania,ALB,"Share of youth not in education, employment or training, total (% of youth population)",SL.UEM.NEET.ZS,,,,,,,,,,,,,,,,,,,,,,,,,,,,,,,,,,,,,,,,,,,,,,,,,27.22999954,,,30.01000023,26.79999924,30.54000092,34.5,32.79999924,
Andorra,AND,"Share of youth not in education, employment or training, total (% of youth population)",SL.UEM.NEET.ZS,,,,,,,,,,,,,,,,,,,,,,,,,,,,,,,,,,,,,,,,,,,,,,,,,,,,,,,,,
Arab World,ARB,"Share of youth not in education, employment or training, total (% of youth population)",SL.UEM.NEET.ZS,,,,,,,,,,,,,,,,,,,,,,,,,,,,,,,,,,,,,,,,,,,,,,,,,,,,,,,,,
United Arab Emirates,ARE,"Share of youth not in education, employment or training, total (% of youth population)",SL.UEM.NEET.ZS,,,,,,,,,,,,,,,,,,,,,,,,,,,,,,,,,,,,,,,,,,,,,,,,,,,,,,,,,
Argentina,ARG,"Share of youth not in education, employment or training, total (% of youth population)",SL.UEM.NEET.ZS,,,,,,,,,,,,,,,,,,,,,,,,,,,,,,,,,,,,,,,,,,,,,,,,,,20.63999939,20.45000076,18.81999969,18.60000038,,18.57999992,,
Armenia,ARM,"Share of youth not in education, employment or training, total (% of youth population)",SL.UEM.NEET.ZS,,,,,,,,,,,,,,,,,,,,,,,,,,,,,,,,,,,,,,,,,,,,,,,,,,,,42.09999847,39.99000168,40.90000153,,35.56000137,
American Samoa,ASM,"Share of youth not in education, employment or training, total (% of youth population)",SL.UEM.NEET.ZS,,,,,,,,,,,,,,,,,,,,,,,,,,,,,,,,,,,,,,,,,,,,,,,,,,,,,,,,,
Antigua and Barbuda,ATG,"Share of youth not in education, employment or training, total (% of youth population)",SL.UEM.NEET.ZS,,,,,,,,,,,,,,,,,,,,,,,,,,,,,,,,,,,,,,,,,,,,,,,,,,,,,,,,,
Australia,AUS,"Share of youth not in education, employment or training, total (% of youth population)",SL.UEM.NEET.ZS,,,,,,,,,,,,,,,,,,,,,,,,,,,,,,,,,,,,,,,,,,,,,,,,,,11.39999962,11.31999969,10.59000015,9.930000305,11.05000019,10.10999966,9.819999695,
Austria,AUT,"Share of youth not in education, employment or training, total (% of youth population)",SL.UEM.NEET.ZS,,,,,,,,,,,,,,,,,,,,,,,,,,,,,,,,,,,,,,,,,,,,,9.640000343,8.619999886,7.809999943,7.440000057,7.380000114,8.18999958,7.420000076,7.28000021,6.800000191,7.329999924,7.699999809,7.519999981,
Azerbaijan,AZE,"Share of youth not in education, employment or training, total (% of youth population)",SL.UEM.NEET.ZS,,,,,,,,,,,,,,,,,,,,,,,,,,,,,,,,,,,,,,,,,,,,,,,,,,,,,,,,,
Burundi,BDI,"Share of youth not in education, employment or training, total (% of youth population)",SL.UEM.NEET.ZS,,,,,,,,,,,,,,,,,,,,,,,,,,,,,,,,,,,,,,,,,,,,,,,,,,,,,,,,,
Belgium,BEL,"Share of youth not in education, employment or training, total (% of youth population)",SL.UEM.NEET.ZS,,,,,,,,,,,,,,,,,,,,,,,,,,,,,,,,,,,,,,,,,,,,,8.550000191,13.02000046,11.23999977,11.15999985,10.14000034,11.07999992,10.85999966,11.81000042,12.34000015,12.68000031,12.05000019,12.18000031,
Benin,BEN,"Share of youth not in education, employment or training, total (% of youth population)",SL.UEM.NEET.ZS,,,,,,,,,,,,,,,,,,,,,,,,,,,,,,,,,,,,,,,,,,,,,,,,,,,3.50999999,,20,,,,
Burkina Faso,BFA,"Share of youth not in education, employment or training, total (% of youth population)",SL.UEM.NEET.ZS,,,,,,,,,,,,,,,,,,,,,,,,,,,,,,,,,,,,,,,,,,,,,,,,,,,,,,,,,
Bangladesh,BGD,"Share of youth not in education, employment or training, total (% of youth population)",SL.UEM.NEET.ZS,,,,,,,,,,,,,,,,,,,,,,,,,,,,,,,,,,,,,,,,,,,,,,30.98999977,,,,,,,,,,,
Bulgaria,BGR,"Share of youth not in education, employment or training, total (% of youth population)",SL.UEM.NEET.ZS,,,,,,,,,,,,,,,,,,,,,,,,,,,,,,,,,,,,,,,,,,,,28.29000092,24.37000084,25.04999924,22.23999977,19.13999939,17.39999962,19.45000076,21.03000069,21.80999947,21.53000069,21.60000038,20.23999977,19.28000069,
Bahrain,BHR,"Share of youth not in education, employment or training, total (% of youth population)",SL.UEM.NEET.ZS,,,,,,,,,,,,,,,,,,,,,,,,,,,,,,,,,,,,,,,,,,,,,,,,,,,,,,,,,
"Bahamas, The",BHS,"Share of youth not in education, employment or training, total (% of youth population)",SL.UEM.NEET.ZS,,,,,,,,,,,,,,,,,,,,,,,,,,,,,,,,,,,,,,,,,,,,,,,,,,,,,,,,,
Bosnia and Herzegovina,BIH,"Share of youth not in education, employment or training, total (% of youth population)",SL.UEM.NEET.ZS,,,,,,,,,,,,,,,,,,,,,,,,,,,,,,,,,,,,,,,,,,,,,,,,,,,,,,,26.06999969,27.67000008,
Belarus,BLR,"Share of youth not in education, employment or training, total (% of youth population)",SL.UEM.NEET.ZS,,,,,,,,,,,,,,,,,,,,,,,,,,,,,,,,,,,,,,,,,,,,,,,,,,12.07999992,,,,,,,
Belize,BLZ,"Share of youth not in education, employment or training, total (% of youth population)",SL.UEM.NEET.ZS,,,,,,,,,,,,,,,,,,,,,,,,,,,,,,,,,,,,,,,,,,,,,,,,,,,19.04000092,,11.95400047,,,8.420000076,
Bermuda,BMU,"Share of youth not in education, employment or training, total (% of youth population)",SL.UEM.NEET.ZS,,,,,,,,,,,,,,,,,,,,,,,,,,,,,,,,,,,,,,,,,,,,,,,,,,,6.789999962,,,,,,
Bolivia,BOL,"Share of youth not in education, employment or training, total (% of youth population)",SL.UEM.NEET.ZS,,,,,,,,,,,,,,,,,,,,,,,,,,,,,,,,,,,,,,,,,,,,,,,,,,,,,,,,,
Brazil,BRA,"Share of youth not in education, employment or training, total (% of youth population)",SL.UEM.NEET.ZS,,,,,,,,,,,,,,,,,,,,,,,,,,,,,,,,,,,,,,,,,,,,,,,,,,18.42000008,,19.03000069,18.93000031,19.62000084,19.28000069,,
Barbados,BRB,"Share of youth not in education, employment or training, total (% of youth population)",SL.UEM.NEET.ZS,,,,,,,,,,,,,,,,,,,,,,,,,,,,,,,,,,,,,,,,,,,,,,,,,,,,,,,,,
Brunei Darussalam,BRN,"Share of youth not in education, employment or training, total (% of youth population)",SL.UEM.NEET.ZS,,,,,,,,,,,,,,,,,,,,,,,,,,,,,,,,,,,,,,,,,,,,,,,,,,,,,,,,,
Bhutan,BTN,"Share of youth not in education, employment or training, total (% of youth population)",SL.UEM.NEET.ZS,,,,,,,,,,,,,,,,,,,,,,,,,,,,,,,,,,,,,,,,,,,,,,,,,,,,,,,,,
Botswana,BWA,"Share of youth not in education, employment or training, total (% of youth population)",SL.UEM.NEET.ZS,,,,,,,,,,,,,,,,,,,,,,,,,,,,,,,,,,,,,,,,,,,,,,,,,,,,,,,,,
Central African Republic,CAF,"Share of youth not in education, employment or training, total (% of youth population)",SL.UEM.NEET.ZS,,,,,,,,,,,,,,,,,,,,,,,,,,,,,,,,,,,,,,,,,,,,,,,,,,,,,,,,,
Canada,CAN,"Share of youth not in education, employment or training, total (% of youth population)",SL.UEM.NEET.ZS,,,,,,,,,,,,,,,,,,,,,,,,,,,,,,,,,,,,,,,,,11.88000011,11.40999985,11.60000038,11.19999981,11.47000027,10.73999977,10.18999958,10.52000046,10.19999981,10.97000027,10.93000031,10.76000023,10.61999989,10.52999973,11.01000023,10.28999996,
Central Europe and the Baltics,CEB,"Share of youth not in education, employment or training, total (% of youth population)",SL.UEM.NEET.ZS,,,,,,,,,,,,,,,,,,,,,,,,,,,,,,,,,,,,,,,,,,,,,15.53552926,15.47288534,13.22734,11.44928219,10.26925542,12.05857007,13.03893938,13.43869166,13.64979685,13.99733871,13.47499238,12.96024048,
Switzerland,CHE,"Share of youth not in education, employment or training, total (% of youth population)",SL.UEM.NEET.ZS,,,,,,,,,,,,,,,,,,,,,,,,,,,,,,,,,,,,,,,,,,,,7.28000021,6.590000153,7.210000038,7.179999828,6.230000019,6.289999962,8.050000191,6.699999809,6.71999979,6.849999905,7.130000114,7.269999981,7.300000191,
Channel Islands,CHI,"Share of youth not in education, employment or training, total (% of youth population)",SL.UEM.NEET.ZS,,,,,,,,,,,,,,,,,,,,,,,,,,,,,,,,,,,,,,,,,,,,,,,,,,,,,,,,,
Chile,CHL,"Share of youth not in education, employment or training, total (% of youth population)",SL.UEM.NEET.ZS,,,,,,,,,,,,,,,,,,,,,,,,,,,,,,,,,,,,,,,,,,,,,,,,,,,11.78999996,11.75,11.81000042,11.73999977,12.34000015,,
China,CHN,"Share of youth not in education, employment or training, total (% of youth population)",SL.UEM.NEET.ZS,,,,,,,,,,,,,,,,,,,,,,,,,,,,,,,,,,,,,,,,,,,,,,,,,,,,,,,,,
Cote d'Ivoire,CIV,"Share of youth not in education, employment or training, total (% of youth population)",SL.UEM.NEET.ZS,,,,,,,,,,,,,,,,,,,,,,,,,,,,,,,,,,,,,,,,,,,,,,,,,,,,,,,,,
Cameroon,CMR,"Share of youth not in education, employment or training, total (% of youth population)",SL.UEM.NEET.ZS,,,,,,,,,,,,,,,,,,,,,,,,,,,,,,,,,,,,,,,,,,,,,,,,11.11999989,,,10.78999996,,,,,,
"Congo, Dem. Rep.",COD,"Share of youth not in education, employment or training, total (% of youth population)",SL.UEM.NEET.ZS,,,,,,,,,,,,,,,,,,,,,,,,,,,,,,,,,,,,,,,,,,,,,,,,,,,,,,,,,
"Congo, Rep.",COG,"Share of youth not in education, employment or training, total (% of youth population)",SL.UEM.NEET.ZS,,,,,,,,,,,,,,,,,,,,,,,,,,,,,,,,,,,,,,,,,,,,,,,,,,,,,,,,,
Colombia,COL,"Share of youth not in education, employment or training, total (% of youth population)",SL.UEM.NEET.ZS,,,,,,,,,,,,,,,,,,,,,,,,,,,,,,,,,,,,,,,,,,,,25.39999962,,24.30999947,,,,25.01000023,23.87000084,23.11000061,22.63999939,22.01000023,,21.26000023,
Comoros,COM,"Share of youth not in education, employment or training, total (% of youth population)",SL.UEM.NEET.ZS,,,,,,,,,,,,,,,,,,,,,,,,,,,,,,,,,,,,,,,,,,,,,,,,,,,,,,,,,
Cabo Verde,CPV,"Share of youth not in education, employment or training, total (% of youth population)",SL.UEM.NEET.ZS,,,,,,,,,,,,,,,,,,,,,,,,,,,,,,,,,,,,,,,,,,,,,,,,,,,,,,,,,
Costa Rica,CRI,"Share of youth not in education, employment or training, total (% of youth population)",SL.UEM.NEET.ZS,,,,,,,,,,,,,,,,,,,,,,,,,,,,,,,,,,,,,,,,,,,,,,,,,,,19.45000076,17.43000031,17.80999947,18.23999977,18.61000061,18.87000084,20.18000031
Caribbean small states,CSS,"Share of youth not in education, employment or training, total (% of youth population)",SL.UEM.NEET.ZS,,,,,,,,,,,,,,,,,,,,,,,,,,,,,,,,,,,,,,,,,,,,,,,,,,,,,,,,,
Cuba,CUB,"Share of youth not in education, employment or training, total (% of youth population)",SL.UEM.NEET.ZS,,,,,,,,,,,,,,,,,,,,,,,,,,,,,,,,,,,,,,,,,,,,,,,,,,,,,,,,,
Curacao,CUW,"Share of youth not in education, employment or training, total (% of youth population)",SL.UEM.NEET.ZS,,,,,,,,,,,,,,,,,,,,,,,,,,,,,,,,,,,,,,,,,,,,,,,,,,,,,,,,,
Cayman Islands,CYM,"Share of youth not in education, employment or training, total (% of youth population)",SL.UEM.NEET.ZS,,,,,,,,,,,,,,,,,,,,,,,,,,,,,,,,,,,,,,,,,,,,,,,,,,,,,,,,,
Cyprus,CYP,"Share of youth not in education, employment or training, total (% of youth population)",SL.UEM.NEET.ZS,,,,,,,,,,,,,,,,,,,,,,,,,,,,,,,,,,,,,,,,,,,,8.930000305,9.369999886,19.52000046,10.72999954,8.989999771,9.649999619,9.899999619,11.68000031,14.64000034,15.97999954,18.67000008,17.01000023,15.30000019,
Czech Republic,CZE,"Share of youth not in education, employment or training, total (% of youth population)",SL.UEM.NEET.ZS,,,,,,,,,,,,,,,,,,,,,,,,,,,,,,,,,,,,,,,,,,,,11.61999989,12.57999992,13.25,9.159999847,6.929999828,6.699999809,8.510000229,8.829999924,8.279999733,8.890000343,9.130000114,8.109999657,7.46999979,
Germany,DEU,"Share of youth not in education, employment or training, total (% of youth population)",SL.UEM.NEET.ZS,,,,,,,,,,,,,,,,,,,,,,,,,,,,,,,,,,,,,,,,,,,,10.02999973,10.07999992,11.27999973,10.06000042,9.300000191,8.430000305,8.800000191,8.300000191,7.489999771,7.099999905,6.25,6.360000134,6.170000076,
Djibouti,DJI,"Share of youth not in education, employment or training, total (% of youth population)",SL.UEM.NEET.ZS,,,,,,,,,,,,,,,,,,,,,,,,,,,,,,,,,,,,,,,,,,,,,,,,,,,,,,,,,
Dominica,DMA,"Share of youth not in education, employment or training, total (% of youth population)",SL.UEM.NEET.ZS,,,,,,,,,,,,,,,,,,,,,,,,,,,,,,,,,,,,,,,,,,,,,,,,,,,,,,,,,
Denmark,DNK,"Share of youth not in education, employment or training, total (% of youth population)",SL.UEM.NEET.ZS,,,,,,,,,,,,,,,,,,,,,,,,,,,,,,,,,,,,,,,,,,,,5.440000057,5.449999809,4.309999943,3.619999886,4.300000191,4.300000191,5.400000095,6.039999962,6.25,6.630000114,6.03000021,5.78000021,6.199999809,
Dominican Republic,DOM,"Share of youth not in education, employment or training, total (% of youth population)",SL.UEM.NEET.ZS,,,,,,,,,,,,,,,,,,,,,,,,,,,,,,,,,,,,,,,,,,,,,,,,,19.52300072,21.96899986,21.23999977,20.49900055,20.81399918,21.28800011,19.8920002,21.07299995,
Algeria,DZA,"Share of youth not in education, employment or training, total (% of youth population)",SL.UEM.NEET.ZS,,,,,,,,,,,,,,,,,,,,,,,,,,,,,,,,,,,,,,,,,,,,,,,,,,25.45000076,24.53000069,26,22.70000076,21.5,22.79999924,21.20000076,
East Asia & Pacific (excluding high income),EAP,"Share of youth not in education, employment or training, total (% of youth population)",SL.UEM.NEET.ZS,,,,,,,,,,,,,,,,,,,,,,,,,,,,,,,,,,,,,,,,,,,,,,,,,,,,,,,,,
Early-demographic dividend,EAR,"Share of youth not in education, employment or training, total (% of youth population)",SL.UEM.NEET.ZS,,,,,,,,,,,,,,,,,,,,,,,,,,,,,,,,,,,,,,,,,,,,,,,,,,,26.40352416,,,,,,
East Asia & Pacific,EAS,"Share of youth not in education, employment or training, total (% of youth population)",SL.UEM.NEET.ZS,,,,,,,,,,,,,,,,,,,,,,,,,,,,,,,,,,,,,,,,,,,,,,,,,,,,,,,,,
Europe & Central Asia (excluding high income),ECA,"Share of youth not in education, employment or training, total (% of youth population)",SL.UEM.NEET.ZS,,,,,,,,,,,,,,,,,,,,,,,,,,,,,,,,,,,,,,,,,,,,,,,,,,19.911001,19.69543859,18.715134,18.153846,17.38719793,17.63478849,17.36528387,
Europe & Central Asia,ECS,"Share of youth not in education, employment or training, total (% of youth population)",SL.UEM.NEET.ZS,,,,,,,,,,,,,,,,,,,,,,,,,,,,,,,,,,,,,,,,,,,,,,,15.66590189,15.38430494,14.95092423,15.52495538,15.44260649,15.08683485,14.97808886,14.54528145,14.53356524,14.1085851,
Ecuador,ECU,"Share of youth not in education, employment or training, total (% of youth population)",SL.UEM.NEET.ZS,,,,,,,,,,,,,,,,,,,,,,,,,,,,,,,,,,,,,,,,,,,,,,,,,,16.43000031,15.71000004,,,,,,
"Egypt, Arab Rep.",EGY,"Share of youth not in education, employment or training, total (% of youth population)",SL.UEM.NEET.ZS,,,,,,,,,,,,,,,,,,,,,,,,,,,,,,,,,,,,,,,,,,,,,,,,,,,,32.09999847,31.55999947,27.86000061,,26.85000038,
Euro area,EMU,"Share of youth not in education, employment or training, total (% of youth population)",SL.UEM.NEET.ZS,,,,,,,,,,,,,,,,,,,,,,,,,,,,,,,,,,,,,,,,,,,,10.27106211,11.47977258,12.54927606,11.49842258,10.93381172,11.03317907,12.62008519,12.75034457,12.71764356,13.04731455,12.7835821,12.46807338,12.05160522,
Eritrea,ERI,"Share of youth not in education, employment or training, total (% of youth population)",SL.UEM.NEET.ZS,,,,,,,,,,,,,,,,,,,,,,,,,,,,,,,,,,,,,,,,,,,,,,,,,,,,,,,,,
Spain,ESP,"Share of youth not in education, employment or training, total (% of youth population)",SL.UEM.NEET.ZS,,,,,,,,,,,,,,,,,,,,,,,,,,,,,,,,,,,,,,,,,,,,11.68999958,11.77000046,12.96000004,11.82999992,12.02999973,14.25,18.09000015,17.80999947,18.25,18.60000038,18.62999916,17.13999939,15.64000034,
Estonia,EST,"Share of youth not in education, employment or training, total (% of youth population)",SL.UEM.NEET.ZS,,,,,,,,,,,,,,,,,,,,,,,,,,,,,,,,,,,,,,,,,,,,12.11999989,15.14000034,10.93999958,8.909999847,9.390000343,9.090000153,14.47000027,14.02999973,11.56999969,12.19999981,11.31999969,11.65999985,10.84000015,
Ethiopia,ETH,"Share of youth not in education, employment or training, total (% of youth population)",SL.UEM.NEET.ZS,,,,,,,,,,,,,,,,,,,,,,,,,,,,,,,,,,,,,,,,,,,,,,,,,,,,,,,,,
European Union,EUU,"Share of youth not in education, employment or training, total (% of youth population)",SL.UEM.NEET.ZS,,,,,,,,,,,,,,,,,,,,,,,,,,,,,,,,,,,,,,,,,,,,,11.58212956,12.74997192,11.45661604,11.07726012,10.89321852,12.42901678,12.73624496,12.91785625,13.12830767,12.94314975,12.43975839,11.93914258,
Fragile and conflict affected situations,FCS,"Share of youth not in education, employment or training, total (% of youth population)",SL.UEM.NEET.ZS,,,,,,,,,,,,,,,,,,,,,,,,,,,,,,,,,,,,,,,,,,,,,,,,,,,,,,,,,
Finland,FIN,"Share of youth not in education, employment or training, total (% of youth population)",SL.UEM.NEET.ZS,,,,,,,,,,,,,,,,,,,,,,,,,,,,,,,,,,,,,,,,,,,,10.96000004,9.779999733,8.090000153,7.860000134,7.090000153,7.949999809,9.840000153,9.020000458,8.430000305,8.56000042,9.300000191,10.17000008,10.56000042,
Fiji,FJI,"Share of youth not in education, employment or training, total (% of youth population)",SL.UEM.NEET.ZS,,,,,,,,,,,,,,,,,,,,,,,,,,,,,,,,,,,,,,,,,,,,,,,,,,,,,,,,,
France,FRA,"Share of youth not in education, employment or training, total (% of youth population)",SL.UEM.NEET.ZS,,,,,,,,,,,,,,,,,,,,,,,,,,,,,,,,,,,,,,,,,,,,9.520000458,10.68999958,11.18999958,11.34000015,10.64999962,10.55000019,12.71000004,12.64999962,12.27999973,12.5,11.22999954,11.36999989,11.89000034,
Faroe Islands,FRO,"Share of youth not in education, employment or training, total (% of youth population)",SL.UEM.NEET.ZS,,,,,,,,,,,,,,,,,,,,,,,,,,,,,,,,,,,,,,,,,,,,,,,,,,,,,,,,,
"Micronesia, Fed. Sts.",FSM,"Share of youth not in education, employment or training, total (% of youth population)",SL.UEM.NEET.ZS,,,,,,,,,,,,,,,,,,,,,,,,,,,,,,,,,,,,,,,,,,,,,,,,,,,,,,,,,
Gabon,GAB,"Share of youth not in education, employment or training, total (% of youth population)",SL.UEM.NEET.ZS,,,,,,,,,,,,,,,,,,,,,,,,,,,,,,,,,,,,,,,,,,,,,,,,,,,,,,,,,
United Kingdom,GBR,"Share of youth not in education, employment or training, total (% of youth population)",SL.UEM.NEET.ZS,,,,,,,,,,,,,,,,,,,,,,,,,,,,,,,,,,,,,,,,,,,,,5.449999809,8.420000076,8.550000191,11.89999962,12.09000015,13.22000027,13.61999989,14.25,13.86999989,13.23999977,11.85999966,11.06000042,
Georgia,GEO,"Share of youth not in education, employment or training, total (% of youth population)",SL.UEM.NEET.ZS,,,,,,,,,,,,,,,,,,,,,,,,,,,,,,,,,,,,,,,,,,,,,,,,,,,,,,,,,
Ghana,GHA,"Share of youth not in education, employment or training, total (% of youth population)",SL.UEM.NEET.ZS,,,,,,,,,,,,,,,,,,,,,,,,,,,,,,,,,,,,,,,,,,,,,,,,,,,,,,,,,
Gibraltar,GIB,"Share of youth not in education, employment or training, total (% of youth population)",SL.UEM.NEET.ZS,,,,,,,,,,,,,,,,,,,,,,,,,,,,,,,,,,,,,,,,,,,,,,,,,,,,,,,,,
Guinea,GIN,"Share of youth not in education, employment or training, total (% of youth population)",SL.UEM.NEET.ZS,,,,,,,,,,,,,,,,,,,,,,,,,,,,,,,,,,,,,,,,,,,,,,,,,,,,,,,,,
"Gambia, The",GMB,"Share of youth not in education, employment or training, total (% of youth population)",SL.UEM.NEET.ZS,,,,,,,,,,,,,,,,,,,,,,,,,,,,,,,,,,,,,,,,,,,,,,,,,,,,,,,,,
Guinea-Bissau,GNB,"Share of youth not in education, employment or training, total (% of youth population)",SL.UEM.NEET.ZS,,,,,,,,,,,,,,,,,,,,,,,,,,,,,,,,,,,,,,,,,,,,,,,,,,,,,,,,,
Equatorial Guinea,GNQ,"Share of youth not in education, employment or training, total (% of youth population)",SL.UEM.NEET.ZS,,,,,,,,,,,,,,,,,,,,,,,,,,,,,,,,,,,,,,,,,,,,,,,,,,,,,,,,,
Greece,GRC,"Share of youth not in education, employment or training, total (% of youth population)",SL.UEM.NEET.ZS,,,,,,,,,,,,,,,,,,,,,,,,,,,,,,,,,,,,,,,,,,,,13.67000008,14.90999985,20.78000069,11.97000027,11.32999992,11.43999958,12.38000011,14.77999973,17.37999916,20.17000008,20.39999962,19.14999962,17.15999985,
Grenada,GRD,"Share of youth not in education, employment or training, total (% of youth population)",SL.UEM.NEET.ZS,,,,,,,,,,,,,,,,,,,,,,,,,,,,,,,,,,,,,,,,,,,,,,,,,,,,,,,,,
Greenland,GRL,"Share of youth not in education, employment or training, total (% of youth population)",SL.UEM.NEET.ZS,,,,,,,,,,,,,,,,,,,,,,,,,,,,,,,,,,,,,,,,,,,,,,,,,,,,,,,,,
Guatemala,GTM,"Share of youth not in education, employment or training, total (% of youth population)",SL.UEM.NEET.ZS,,,,,,,,,,,,,,,,,,,,,,,,,,,,,,,,,,,,,,,,,,,,,,,,,,,,25.72999954,23.23999977,29.82999992,,20.95000076,
Guam,GUM,"Share of youth not in education, employment or training, total (% of youth population)",SL.UEM.NEET.ZS,,,,,,,,,,,,,,,,,,,,,,,,,,,,,,,,,,,,,,,,,,,,,,,,,,,,,,,,,
Guyana,GUY,"Share of youth not in education, employment or training, total (% of youth population)",SL.UEM.NEET.ZS,,,,,,,,,,,,,,,,,,,,,,,,,,,,,,,,,,,,,,,,,,,,,,,,,,,,,,,,,
High income,HIC,"Share of youth not in education, employment or training, total (% of youth population)",SL.UEM.NEET.ZS,,,,,,,,,,,,,,,,,,,,,,,,,,,,,,,,,,,,,,,,,,,,,,,,,,13.36310298,13.2695882,14.43693692,13.13841833,,,,
"Hong Kong SAR, China",HKG,"Share of youth not in education, employment or training, total (% of youth population)",SL.UEM.NEET.ZS,,,,,,,,,,,,,,,,,,,,,,,,,,,,,,,,,,,,,,,,,,,,,,,,,,7.409999847,6.949999809,6.159999847,6.159999847,6.639999866,6.610000134,6.599999905,
Honduras,HND,"Share of youth not in education, employment or training, total (% of youth population)",SL.UEM.NEET.ZS,,,,,,,,,,,,,,,,,,,,,,,,,,,,,,,,,,,,,,,,,,,,,,,,25.97999954,,42.27999878,41.43000031,,,,,41.97999954,
Heavily indebted poor countries (HIPC),HPC,"Share of youth not in education, employment or training, total (% of youth population)",SL.UEM.NEET.ZS,,,,,,,,,,,,,,,,,,,,,,,,,,,,,,,,,,,,,,,,,,,,,,,,,,,,,,,,,
Croatia,HRV,"Share of youth not in education, employment or training, total (% of youth population)",SL.UEM.NEET.ZS,,,,,,,,,,,,,,,,,,,,,,,,,,,,,,,,,,,,,,,,,,,,,,16.71999931,14.18000031,12.86999989,11.61999989,13.43000031,15.67000008,16.21999931,16.59000015,19.62999916,19.32999992,18.45999908,
Haiti,HTI,"Share of youth not in education, employment or training, total (% of youth population)",SL.UEM.NEET.ZS,,,,,,,,,,,,,,,,,,,,,,,,,,,,,,,,,,,,,,,,,,,,,,,,,,,,,,,,,
Hungary,HUN,"Share of youth not in education, employment or training, total (% of youth population)",SL.UEM.NEET.ZS,,,,,,,,,,,,,,,,,,,,,,,,,,,,,,,,,,,,,,,,,,,,,12.38000011,18.79000092,12.43000031,11.46000004,11.46000004,13.60000038,12.56000042,13.21000004,14.77999973,15.47000027,13.61999989,11.57999992,
IBRD only,IBD,"Share of youth not in education, employment or training, total (% of youth population)",SL.UEM.NEET.ZS,,,,,,,,,,,,,,,,,,,,,,,,,,,,,,,,,,,,,,,,,,,,,,,,,,,,,,,,,
IDA & IBRD total,IBT,"Share of youth not in education, employment or training, total (% of youth population)",SL.UEM.NEET.ZS,,,,,,,,,,,,,,,,,,,,,,,,,,,,,,,,,,,,,,,,,,,,,,,,,,,,,,,,,
IDA total,IDA,"Share of youth not in education, employment or training, total (% of youth population)",SL.UEM.NEET.ZS,,,,,,,,,,,,,,,,,,,,,,,,,,,,,,,,,,,,,,,,,,,,,,,,,,,,,,,,,
IDA blend,IDB,"Share of youth not in education, employment or training, total (% of youth population)",SL.UEM.NEET.ZS,,,,,,,,,,,,,,,,,,,,,,,,,,,,,,,,,,,,,,,,,,,,,,,,,,,,,,,,,
Indonesia,IDN,"Share of youth not in education, employment or training, total (% of youth population)",SL.UEM.NEET.ZS,,,,,,,,,,,,,,,,,,,,,,,,,,,,,,,,,,,,,,,,,,,,,,,,,29.62000084,27.60000038,25.65999985,,,24.14999962,,24.81999969,
IDA only,IDX,"Share of youth not in education, employment or training, total (% of youth population)",SL.UEM.NEET.ZS,,,,,,,,,,,,,,,,,,,,,,,,,,,,,,,,,,,,,,,,,,,,,,,,,,,,,,,,,
Isle of Man,IMN,"Share of youth not in education, employment or training, total (% of youth population)",SL.UEM.NEET.ZS,,,,,,,,,,,,,,,,,,,,,,,,,,,,,,,,,,,,,,,,,,,,,,,,,,,,,,,,,
India,IND,"Share of youth not in education, employment or training, total (% of youth population)",SL.UEM.NEET.ZS,,,,,,,,,,,,,,,,,,,,,,,,,,,,,,,,,,,,,,,,,,,,,26.12999916,,,,,,27.18000031,,,,,,
Not classified,INX,"Share of youth not in education, employment or training, total (% of youth population)",SL.UEM.NEET.ZS,,,,,,,,,,,,,,,,,,,,,,,,,,,,,,,,,,,,,,,,,,,,,,,,,,,,,,,,,
Ireland,IRL,"Share of youth not in education, employment or training, total (% of youth population)",SL.UEM.NEET.ZS,,,,,,,,,,,,,,,,,,,,,,,,,,,,,,,,,,,,,,,,,,,,8.840000153,10.35999966,15.13000011,14.43000031,11.89000034,13.85999966,18.63999939,19.19000053,18.75,18.71999931,16.12999916,15.18000031,14.30000019,
"Iran, Islamic Rep.",IRN,"Share of youth not in education, employment or training, total (% of youth population)",SL.UEM.NEET.ZS,,,,,,,,,,,,,,,,,,,,,,,,,,,,,,,,,,,,,,,,,,,,,,,,,,34.72999954,34.34999847,,,,,,
Iraq,IRQ,"Share of youth not in education, employment or training, total (% of youth population)",SL.UEM.NEET.ZS,,,,,,,,,,,,,,,,,,,,,,,,,,,,,,,,,,,,,,,,,,,,,,,,,,,,,,,,,
Iceland,ISL,"Share of youth not in education, employment or training, total (% of youth population)",SL.UEM.NEET.ZS,,,,,,,,,,,,,,,,,,,,,,,,,,,,,,,,,,,,,,,,,,,,4.480000019,6.929999828,4.659999847,4.800000191,4.099999905,4.320000172,7.329999924,7.349999905,6.690000057,5.889999866,5.46999979,5.71999979,4.550000191,
Israel,ISR,"Share of youth not in education, employment or training, total (% of youth population)",SL.UEM.NEET.ZS,,,,,,,,,,,,,,,,,,,,,,,,,,,,,,,,,,,,,,,,,,,,,,,,,,30.98999977,30.37000084,31.54999924,16.67000008,15.69999981,15.61999989,15.47999954,
Italy,ITA,"Share of youth not in education, employment or training, total (% of youth population)",SL.UEM.NEET.ZS,,,,,,,,,,,,,,,,,,,,,,,,,,,,,,,,,,,,,,,,,,,,,16.27000046,17.04999924,16.77000046,16.13999939,16.55999947,17.54999924,18.96999931,19.63999939,20.94000053,22.13999939,22.04000092,21.32999992,
Jamaica,JAM,"Share of youth not in education, employment or training, total (% of youth population)",SL.UEM.NEET.ZS,,,,,,,,,,,,,,,,,,,,,,,,,,,,,,,,,,,,,,,,,,,,,,,,,,,,,,,,,
Jordan,JOR,"Share of youth not in education, employment or training, total (% of youth population)",SL.UEM.NEET.ZS,,,,,,,,,,,,,,,,,,,,,,,,,,,,,,,,,,,,,,,,,,,,,,,,,,,,,,,,,
Japan,JPN,"Share of youth not in education, employment or training, total (% of youth population)",SL.UEM.NEET.ZS,,,,,,,,,,,,,,,,,,,,,,,,,,,,,,,,,,,,,,,,,,,,,,,,,,4.360000134,4.289999962,,4.210000038,3.910000086,3.690000057,3.609999895,
Kazakhstan,KAZ,"Share of youth not in education, employment or training, total (% of youth population)",SL.UEM.NEET.ZS,,,,,,,,,,,,,,,,,,,,,,,,,,,,,,,,,,,,,,,,,,18.60199928,14.87899971,13.53299999,13.24400043,12.81299973,12.50199986,10.73200035,9.710000038,9.545999527,8.197999954,7.800000191,8.026000023,8.020999908,8.762999535,8.463999748,9.491000175
Kenya,KEN,"Share of youth not in education, employment or training, total (% of youth population)",SL.UEM.NEET.ZS,,,,,,,,,,,,,,,,,,,,,,,,,,,,,,,,,,,,,,,,,,,,,,,,,,,,,,,,,
Kyrgyz Republic,KGZ,"Share of youth not in education, employment or training, total (% of youth population)",SL.UEM.NEET.ZS,,,,,,,,,,,,,,,,,,,,,,,,,,,,,,,,,,,,,,,,,,,,,,,,,,17.79999924,18.45999908,,,21.22999954,20.71999931,21.42000008,
Cambodia,KHM,"Share of youth not in education, employment or training, total (% of youth population)",SL.UEM.NEET.ZS,,,,,,,,,,,,,,,,,,,,,,,,,,,,,,,,,,,,,,,21.07999992,,,,,,,,,,,7.130000114,,,7.800000191,,,,
Kiribati,KIR,"Share of youth not in education, employment or training, total (% of youth population)",SL.UEM.NEET.ZS,,,,,,,,,,,,,,,,,,,,,,,,,,,,,,,,,,,,,,,,,,,,,,,,,,,,,,,,,
St. Kitts and Nevis,KNA,"Share of youth not in education, employment or training, total (% of youth population)",SL.UEM.NEET.ZS,,,,,,,,,,,,,,,,,,,,,,,,,,,,,,,,,,,,,,,,,,,,,,,,,,,,,,,,,
"Korea, Rep.",KOR,"Share of youth not in education, employment or training, total (% of youth population)",SL.UEM.NEET.ZS,,,,,,,,,,,,,,,,,,,,,,,,,,,,,,,,,,,,,,,,,,,,,,,,,,,,,,,,,
Kuwait,KWT,"Share of youth not in education, employment or training, total (% of youth population)",SL.UEM.NEET.ZS,,,,,,,,,,,,,,,,,,,,,,,,,,,,,,,,,,,,,,,,,,,,,,,,,,,,,,,,,
Latin America & Caribbean (excluding high income),LAC,"Share of youth not in education, employment or training, total (% of youth population)",SL.UEM.NEET.ZS,,,,,,,,,,,,,,,,,,,,,,,,,,,,,,,,,,,,,,,,,,,,,,,,,,19.62531497,,19.98448467,19.55500146,20.34981679,,,
Lao PDR,LAO,"Share of youth not in education, employment or training, total (% of youth population)",SL.UEM.NEET.ZS,,,,,,,,,,,,,,,,,,,,,,,,,,,,,,,,,,,,,,,,,,,,,,,,,,,,,,,,,
Lebanon,LBN,"Share of youth not in education, employment or training, total (% of youth population)",SL.UEM.NEET.ZS,,,,,,,,,,,,,,,,,,,,,,,,,,,,,,,,,,,,,,,,,,,,,,,,21.29999924,,,,,,,,,
Liberia,LBR,"Share of youth not in education, employment or training, total (% of youth population)",SL.UEM.NEET.ZS,,,,,,,,,,,,,,,,,,,,,,,,,,,,,,,,,,,,,,,,,,,,,,,,,,,19.37999916,,,,,,
Libya,LBY,"Share of youth not in education, employment or training, total (% of youth population)",SL.UEM.NEET.ZS,,,,,,,,,,,,,,,,,,,,,,,,,,,,,,,,,,,,,,,,,,,,,,,,,,,,,,,,,
St. Lucia,LCA,"Share of youth not in education, employment or training, total (% of youth population)",SL.UEM.NEET.ZS,,,,,,,,,,,,,,,,,,,,,,,,,,,,,,,,,,,,,,,,,,,,,,,,,,,,,,,,,
Latin America & Caribbean,LCN,"Share of youth not in education, employment or training, total (% of youth population)",SL.UEM.NEET.ZS,,,,,,,,,,,,,,,,,,,,,,,,,,,,,,,,,,,,,,,,,,,,,,,,,,19.63127256,,19.72220525,19.31168663,20.13849388,19.31177165,,
Least developed countries: UN classification,LDC,"Share of youth not in education, employment or training, total (% of youth population)",SL.UEM.NEET.ZS,,,,,,,,,,,,,,,,,,,,,,,,,,,,,,,,,,,,,,,,,,,,,,,,,,,,,,,,,
Low income,LIC,"Share of youth not in education, employment or training, total (% of youth population)",SL.UEM.NEET.ZS,,,,,,,,,,,,,,,,,,,,,,,,,,,,,,,,,,,,,,,,,,,,,,,,,,,,,,,,,
Liechtenstein,LIE,"Share of youth not in education, employment or training, total (% of youth population)",SL.UEM.NEET.ZS,,,,,,,,,,,,,,,,,,,,,,,,,,,,,,,,,,,,,,,,,,,,,,,,,,,,,,,,,
Sri Lanka,LKA,"Share of youth not in education, employment or training, total (% of youth population)",SL.UEM.NEET.ZS,,,,,,,,,,,,,,,,,,,,,,,,,,,,,,,,,,,,,,,,,,,,,,,,,,,22.87999916,,,26.43000031,27.67000008,,
Lower middle income,LMC,"Share of youth not in education, employment or training, total (% of youth population)",SL.UEM.NEET.ZS,,,,,,,,,,,,,,,,,,,,,,,,,,,,,,,,,,,,,,,,,,,,,,,,,,,,,,,,,
Low & middle income,LMY,"Share of youth not in education, employment or training, total (% of youth population)",SL.UEM.NEET.ZS,,,,,,,,,,,,,,,,,,,,,,,,,,,,,,,,,,,,,,,,,,,,,,,,,,,,,,,,,
Lesotho,LSO,"Share of youth not in education, employment or training, total (% of youth population)",SL.UEM.NEET.ZS,,,,,,,,,,,,,,,,,,,,,,,,,,,,,,,,,,,,,,,,,,,,,,,,,,,,,,,,,
Late-demographic dividend,LTE,"Share of youth not in education, employment or training, total (% of youth population)",SL.UEM.NEET.ZS,,,,,,,,,,,,,,,,,,,,,,,,,,,,,,,,,,,,,,,,,,,,,,,,,,,,,,,,,
Lithuania,LTU,"Share of youth not in education, employment or training, total (% of youth population)",SL.UEM.NEET.ZS,,,,,,,,,,,,,,,,,,,,,,,,,,,,,,,,,,,,,,,,,,,,,9.880000114,8.770000458,8.319999695,7.070000172,8.850000381,12.11999989,13.17000008,11.81999969,11.17000008,11.14000034,9.909999847,9.199999809,
Luxembourg,LUX,"Share of youth not in education, employment or training, total (% of youth population)",SL.UEM.NEET.ZS,,,,,,,,,,,,,,,,,,,,,,,,,,,,,,,,,,,,,,,,,,,,5.139999866,6.25,5.5,6.690000057,5.659999847,6.210000038,5.789999962,5.119999886,4.739999771,5.889999866,4.989999771,6.260000229,6.170000076,
Latvia,LVA,"Share of youth not in education, employment or training, total (% of youth population)",SL.UEM.NEET.ZS,,,,,,,,,,,,,,,,,,,,,,,,,,,,,,,,,,,,,,,,,,,,12.72999954,12.34000015,10.89000034,11.46000004,11.93999958,11.81999969,17.48999977,17.80999947,16.03000069,14.89000034,13.02999973,12.01000023,10.52000046,
"Macao SAR, China",MAC,"Share of youth not in education, employment or training, total (% of youth population)",SL.UEM.NEET.ZS,,,,,,,,,,,,,,,,,,,,,,,,,,,,,,,,,,,,,,,,,,,,,,,,,,7.190000057,6.190000057,6.300000191,5.760000229,5.269999981,5,5.309999943,
St. Martin (French part),MAF,"Share of youth not in education, employment or training, total (% of youth population)",SL.UEM.NEET.ZS,,,,,,,,,,,,,,,,,,,,,,,,,,,,,,,,,,,,,,,,,,,,,,,,,,,,,,,,,
Morocco,MAR,"Share of youth not in education, employment or training, total (% of youth population)",SL.UEM.NEET.ZS,,,,,,,,,,,,,,,,,,,,,,,,,,,,,,,,,,,,,,,,,,,,,,,,,,,,,,,,,
Monaco,MCO,"Share of youth not in education, employment or training, total (% of youth population)",SL.UEM.NEET.ZS,,,,,,,,,,,,,,,,,,,,,,,,,,,,,,,,,,,,,,,,,,,,,,,,,,,,,,,,,
Moldova,MDA,"Share of youth not in education, employment or training, total (% of youth population)",SL.UEM.NEET.ZS,,,,,,,,,,,,,,,,,,,,,,,,,,,,,,,,,,,,,,,,,,,,,,,,,,27.70999908,28.77000046,29.19000053,29.26000023,28.63999939,30.87999916,27.82999992,
Madagascar,MDG,"Share of youth not in education, employment or training, total (% of youth population)",SL.UEM.NEET.ZS,,,,,,,,,,,,,,,,,,,,,,,,,,,,,,,,,,,,,,,,,,,,,,,,,,,,,,,,,
Maldives,MDV,"Share of youth not in education, employment or training, total (% of youth population)",SL.UEM.NEET.ZS,,,,,,,,,,,,,,,,,,,,,,,,,,,,,,,,,,,,,,,,,,,,,,,,,,,56.40000153,,,,,,
Middle East & North Africa,MEA,"Share of youth not in education, employment or training, total (% of youth population)",SL.UEM.NEET.ZS,,,,,,,,,,,,,,,,,,,,,,,,,,,,,,,,,,,,,,,,,,,,,,,,,,,,,,,,,
Mexico,MEX,"Share of youth not in education, employment or training, total (% of youth population)",SL.UEM.NEET.ZS,,,,,,,,,,,,,,,,,,,,,,,,,,,,,,,,,,,,,,,,,,,,,,22.18000031,21.98999977,22,22.85000038,18.13999939,18.39999962,21.12000084,20,20.46999931,20.36000061,19.75,19.54999924
Marshall Islands,MHL,"Share of youth not in education, employment or training, total (% of youth population)",SL.UEM.NEET.ZS,,,,,,,,,,,,,,,,,,,,,,,,,,,,,,,,,,,,,,,,,,,,,,,,,,,,,,,,,
Middle income,MIC,"Share of youth not in education, employment or training, total (% of youth population)",SL.UEM.NEET.ZS,,,,,,,,,,,,,,,,,,,,,,,,,,,,,,,,,,,,,,,,,,,,,,,,,,,,,,,,,
"Macedonia, FYR",MKD,"Share of youth not in education, employment or training, total (% of youth population)",SL.UEM.NEET.ZS,,,,,,,,,,,,,,,,,,,,,,,,,,,,,,,,,,,,,,,,,,,,,,,41.29999924,33.06000137,30.70000076,27.65999985,25.52000046,25.18000031,24.79999924,24.22999954,25.14999962,24.71999931,
Mali,MLI,"Share of youth not in education, employment or training, total (% of youth population)",SL.UEM.NEET.ZS,,,,,,,,,,,,,,,,,,,,,,,,,,,,,,,,,,,,,,,,,,,,,,,,,,,13.47000027,,,,,,
Malta,MLT,"Share of youth not in education, employment or training, total (% of youth population)",SL.UEM.NEET.ZS,,,,,,,,,,,,,,,,,,,,,,,,,,,,,,,,,,,,,,,,,,,,,12.22000027,11.89999962,10.34000015,11.53999996,8.270000458,9.880000114,9.529999733,10.18000031,10.60999966,9.93999958,10.47000027,10.35000038,
Myanmar,MMR,"Share of youth not in education, employment or training, total (% of youth population)",SL.UEM.NEET.ZS,,,,,,,,,,,,,,,,,,,,,,,,,,,,,,,,,,,,,,,,,,,,,,,,,,,,,,,,,
Middle East & North Africa (excluding high income),MNA,"Share of youth not in education, employment or training, total (% of youth population)",SL.UEM.NEET.ZS,,,,,,,,,,,,,,,,,,,,,,,,,,,,,,,,,,,,,,,,,,,,,,,,,,,,,,,,,
Montenegro,MNE,"Share of youth not in education, employment or training, total (% of youth population)",SL.UEM.NEET.ZS,,,,,,,,,,,,,,,,,,,,,,,,,,,,,,,,,,,,,,,,,,,,,,,,,,,,,,,,16.5,
Mongolia,MNG,"Share of youth not in education, employment or training, total (% of youth population)",SL.UEM.NEET.ZS,,,,,,,,,,,,,,,,,,,,,,,,,,,,,,,,,,,,,,,,,,,,,,,18.51000023,,,,,1.539999962,1.470000029,1.460000038,,,
Northern Mariana Islands,MNP,"Share of youth not in education, employment or training, total (% of youth population)",SL.UEM.NEET.ZS,,,,,,,,,,,,,,,,,,,,,,,,,,,,,,,,,,,,,,,,,,,,,,,,,,,,,,,,,
Mozambique,MOZ,"Share of youth not in education, employment or training, total (% of youth population)",SL.UEM.NEET.ZS,,,,,,,,,,,,,,,,,,,,,,,,,,,,,,,,,,,,,,,,,,,,,,,,,,,,,10.11999989,,,,
Mauritania,MRT,"Share of youth not in education, employment or training, total (% of youth population)",SL.UEM.NEET.ZS,,,,,,,,,,,,,,,,,,,,,,,,,,,,,,,,,,,,,,,,,,,,,,,,,,,,,,,,,
Mauritius,MUS,"Share of youth not in education, employment or training, total (% of youth population)",SL.UEM.NEET.ZS,,,,,,,,,,,,,,,,,,,,,,,,,,,,,,,,,,,,,,,,,,,,,,,,,,,,,,,,,
Malawi,MWI,"Share of youth not in education, employment or training, total (% of youth population)",SL.UEM.NEET.ZS,,,,,,,,,,,,,,,,,,,,,,,,,,,,,,,,,,,,,,,,,,,,,,,,,,,,,,,,,
Malaysia,MYS,"Share of youth not in education, employment or training, total (% of youth population)",SL.UEM.NEET.ZS,,,,,,,,,,,,,,,,,,,,,,,,,,,,,,,,,,,,,,,,,,,,,,,,,,,,,,,,12.27999973,
North America,NAC,"Share of youth not in education, employment or training, total (% of youth population)",SL.UEM.NEET.ZS,,,,,,,,,,,,,,,,,,,,,,,,,,,,,,,,,,,,,,,,,,,,,,,,,,16.82080572,16.98852857,16.51430247,15.92422466,,,,
Namibia,NAM,"Share of youth not in education, employment or training, total (% of youth population)",SL.UEM.NEET.ZS,,,,,,,,,,,,,,,,,,,,,,,,,,,,,,,,,,,,,,,,,,,,,,,,,,,,,,32.00999832,,,
New Caledonia,NCL,"Share of youth not in education, employment or training, total (% of youth population)",SL.UEM.NEET.ZS,,,,,,,,,,,,,,,,,,,,,,,,,,,,,,,,,,,,,,,,,,,,,,,,,,,,,,,,,
Niger,NER,"Share of youth not in education, employment or training, total (% of youth population)",SL.UEM.NEET.ZS,,,,,,,,,,,,,,,,,,,,,,,,,,,,,,,,,,,,,,,,,,,,,,,,,,,,,,,,,
Nigeria,NGA,"Share of youth not in education, employment or training, total (% of youth population)",SL.UEM.NEET.ZS,,,,,,,,,,,,,,,,,,,,,,,,,,,,,,,,,,,,,,,,,,,,,,,,,,,,,,,,,
Nicaragua,NIC,"Share of youth not in education, employment or training, total (% of youth population)",SL.UEM.NEET.ZS,,,,,,,,,,,,,,,,,,,,,,,,,,,,,,,,,,,,,,,,,,,,,,,,,,,,,,,,,
Netherlands,NLD,"Share of youth not in education, employment or training, total (% of youth population)",SL.UEM.NEET.ZS,,,,,,,,,,,,,,,,,,,,,,,,,,,,,,,,,,,,,,,,,,,,4.78000021,4.860000134,5.260000229,4.039999962,3.529999971,3.440000057,4.110000134,4.28000021,4.309999943,4.849999905,5.650000095,5.53000021,4.670000076,
Norway,NOR,"Share of youth not in education, employment or training, total (% of youth population)",SL.UEM.NEET.ZS,,,,,,,,,,,,,,,,,,,,,,,,,,,,,,,,,,,,,,,,,,,,10.01000023,9.180000305,11.30000019,4.559999943,4.409999847,4.130000114,5,4.900000095,5.039999962,5.159999847,5.630000114,5.46999979,5.03000021,
Nepal,NPL,"Share of youth not in education, employment or training, total (% of youth population)",SL.UEM.NEET.ZS,,,,,,,,,,,,,,,,,,,,,,,,,,,,,,,,,,,,,,,,,,,,,,,,,,,,,,,,,
Nauru,NRU,"Share of youth not in education, employment or training, total (% of youth population)",SL.UEM.NEET.ZS,,,,,,,,,,,,,,,,,,,,,,,,,,,,,,,,,,,,,,,,,,,,,,,,,,,,,,,,,
New Zealand,NZL,"Share of youth not in education, employment or training, total (% of youth population)",SL.UEM.NEET.ZS,,,,,,,,,,,,,,,,,,,,,,,,,,,,,,,,,,,,,,,,,,,,,10.78999996,11.11999989,10.72000027,10.93000031,11.14999962,14.09000015,13.42000008,13.19999981,13.55000019,11.92000008,11.43999958,11.30000019,11.97999954
OECD members,OED,"Share of youth not in education, employment or training, total (% of youth population)",SL.UEM.NEET.ZS,,,,,,,,,,,,,,,,,,,,,,,,,,,,,,,,,,,,,,,,,,,,,,,,,,15.55860793,15.44142268,16.54579037,15.14767256,14.29606314,13.9795594,13.52587437,
Oman,OMN,"Share of youth not in education, employment or training, total (% of youth population)",SL.UEM.NEET.ZS,,,,,,,,,,,,,,,,,,,,,,,,,,,,,,,,,,,,,,,,,,,,,,,,,,,,,,,,,
Other small states,OSS,"Share of youth not in education, employment or training, total (% of youth population)",SL.UEM.NEET.ZS,,,,,,,,,,,,,,,,,,,,,,,,,,,,,,,,,,,,,,,,,,,,,,,,,,,,,,,,,
Pakistan,PAK,"Share of youth not in education, employment or training, total (% of youth population)",SL.UEM.NEET.ZS,,,,,,,,,,,,,,,,,,,,,,,,,,,,,,,,,,,,,,,,,,,,,,,,,,,,,,,,,
Panama,PAN,"Share of youth not in education, employment or training, total (% of youth population)",SL.UEM.NEET.ZS,,,,,,,,,,,,,,,,,,,,,,,,,,,,,,,,,,,,,,,,,,,,,,,,,,20.07999992,20.87999916,21.03000069,17.57999992,,32.58000183,,
Peru,PER,"Share of youth not in education, employment or training, total (% of youth population)",SL.UEM.NEET.ZS,,,,,,,,,,,,,,,,,,,,,,,,,,,,,,,,,,,,,,,,,,,,,,,,,,17.53000069,16.63999939,16.90999985,16.46999931,15.34000015,,22.42000008,
Philippines,PHL,"Share of youth not in education, employment or training, total (% of youth population)",SL.UEM.NEET.ZS,,,,,,,,,,,,,,,,,,,,,,,,,,,,,,,,,,,,,,,,,,,,,,,,,,24.71999931,25.20999908,24.29999924,24.78000069,,23.06999969,22.73999977,
Palau,PLW,"Share of youth not in education, employment or training, total (% of youth population)",SL.UEM.NEET.ZS,,,,,,,,,,,,,,,,,,,,,,,,,,,,,,,,,,,,,,,,,,,,,,,,,,,,,,,,,
Papua New Guinea,PNG,"Share of youth not in education, employment or training, total (% of youth population)",SL.UEM.NEET.ZS,,,,,,,,,,,,,,,,,,,,,,,,,,,,,,,,,,,,,,,,,,,,,,,,,,,,,,,,,
Poland,POL,"Share of youth not in education, employment or training, total (% of youth population)",SL.UEM.NEET.ZS,,,,,,,,,,,,,,,,,,,,,,,,,,,,,,,,,,,,,,,,,,,,,14.47999954,13.90999985,12.60999966,10.59000015,9.039999962,10.10999966,10.77000046,11.5,11.81999969,12.21000004,11.97999954,10.98999977,
Pre-demographic dividend,PRE,"Share of youth not in education, employment or training, total (% of youth population)",SL.UEM.NEET.ZS,,,,,,,,,,,,,,,,,,,,,,,,,,,,,,,,,,,,,,,,,,,,,,,,,,,,,,,,,
Puerto Rico,PRI,"Share of youth not in education, employment or training, total (% of youth population)",SL.UEM.NEET.ZS,,,,,,,,,,,,,,,,,,,,,,,,,,,,,,,,,,,,,,,,,,,,,,,,,,,,,,,,,
"Korea, Dem. People’s Rep.",PRK,"Share of youth not in education, employment or training, total (% of youth population)",SL.UEM.NEET.ZS,,,,,,,,,,,,,,,,,,,,,,,,,,,,,,,,,,,,,,,,,,,,,,,,,,,,,,,,,
Portugal,PRT,"Share of youth not in education, employment or training, total (% of youth population)",SL.UEM.NEET.ZS,,,,,,,,,,,,,,,,,,,,,,,,,,,,,,,,,,,,,,,,,,,,,10.25,11.09000015,10.60999966,11.15999985,10.22999954,11.19999981,11.43999958,12.55000019,13.90999985,14.06999969,12.27999973,11.27000046,
Paraguay,PRY,"Share of youth not in education, employment or training, total (% of youth population)",SL.UEM.NEET.ZS,,,,,,,,,,,,,,,,,,,,,,,,,,,,,,,,,,,,,,,,,,,,,,,,,,17.62000084,19.5,12.97000027,12.27999973,,12.35999966,12.67000008,
West Bank and Gaza,PSE,"Share of youth not in education, employment or training, total (% of youth population)",SL.UEM.NEET.ZS,,,,,,,,,,,,,,,,,,,,,,,,,,,,,,,,,,,,,,,,,,,,,,,,,,,,27,28.93000031,31.04000092,,31.55999947,
Pacific island small states,PSS,"Share of youth not in education, employment or training, total (% of youth population)",SL.UEM.NEET.ZS,,,,,,,,,,,,,,,,,,,,,,,,,,,,,,,,,,,,,,,,,,,,,,,,,,,,,,,,,
Post-demographic dividend,PST,"Share of youth not in education, employment or training, total (% of youth population)",SL.UEM.NEET.ZS,,,,,,,,,,,,,,,,,,,,,,,,,,,,,,,,,,,,,,,,,,,,,,,,,,13.12093406,13.25451093,14.23235787,12.9880974,,,,
French Polynesia,PYF,"Share of youth not in education, employment or training, total (% of youth population)",SL.UEM.NEET.ZS,,,,,,,,,,,,,,,,,,,,,,,,,,,,,,,,,,,,,,,,,,,,,,,,,,,,,,,,,
Qatar,QAT,"Share of youth not in education, employment or training, total (% of youth population)",SL.UEM.NEET.ZS,,,,,,,,,,,,,,,,,,,,,,,,,,,,,,,,,,,,,,,,,,,,,,,,,,9.399999619,,,,,,,
Romania,ROU,"Share of youth not in education, employment or training, total (% of youth population)",SL.UEM.NEET.ZS,,,,,,,,,,,,,,,,,,,,,,,,,,,,,,,,,,,,,,,,,,,,19.32999992,18.84000015,16.79999924,14.77000046,13.31000042,11.56999969,13.93999958,16.60000038,17.46999931,16.80999947,16.95999908,17.01000023,18.07999992,
Russian Federation,RUS,"Share of youth not in education, employment or training, total (% of youth population)",SL.UEM.NEET.ZS,,,,,,,,,,,,,,,,,,,,,,,,,,,,,,,,,,,,,,,,,,,,,,,,,,14.07999992,14.21000004,12.68999958,11.98999977,11.81999969,12.02999973,12.02999973,
Rwanda,RWA,"Share of youth not in education, employment or training, total (% of youth population)",SL.UEM.NEET.ZS,,,,,,,,,,,,,,,,,,,,,,,,,,,,,,,,,,,,,,,,,,,,,,,,,,,,,,,,,
South Asia,SAS,"Share of youth not in education, employment or training, total (% of youth population)",SL.UEM.NEET.ZS,,,,,,,,,,,,,,,,,,,,,,,,,,,,,,,,,,,,,,,,,,,,,26.12999916,,,,,,27.131171,,,,,,
Saudi Arabia,SAU,"Share of youth not in education, employment or training, total (% of youth population)",SL.UEM.NEET.ZS,,,,,,,,,,,,,,,,,,,,,,,,,,,,,,,,,,,,,,,,,,,,,,,,,,18.73999977,,20.56999969,18.79000092,18.42000008,18.31999969,16.10000038,
Sudan,SDN,"Share of youth not in education, employment or training, total (% of youth population)",SL.UEM.NEET.ZS,,,,,,,,,,,,,,,,,,,,,,,,,,,,,,,,,,,,,,,,,,,,,,,,,,,,,,,,,
Senegal,SEN,"Share of youth not in education, employment or training, total (% of youth population)",SL.UEM.NEET.ZS,,,,,,,,,,,,,,,,,,,,,,,,,,,,,,,,,,,,,,,,,,,,,,,,,,,,,,,,,
Singapore,SGP,"Share of youth not in education, employment or training, total (% of youth population)",SL.UEM.NEET.ZS,,,,,,,,,,,,,,,,,,,,,,,,,,,,,,,,,,,,,,,,,,,,,,,,,,,,,,,11.38000011,,
Solomon Islands,SLB,"Share of youth not in education, employment or training, total (% of youth population)",SL.UEM.NEET.ZS,,,,,,,,,,,,,,,,,,,,,,,,,,,,,,,,,,,,,,,,,,,,,,,,,,,,,,,,,
Sierra Leone,SLE,"Share of youth not in education, employment or training, total (% of youth population)",SL.UEM.NEET.ZS,,,,,,,,,,,,,,,,,,,,,,,,,,,,,,,,,,,,,,,,,,,,,,,,,,,,,,,,,
El Salvador,SLV,"Share of youth not in education, employment or training, total (% of youth population)",SL.UEM.NEET.ZS,,,,,,,,,,,,,,,,,,,,,,,,,,,,,,,,,,,,,,,,,,,,,,,,,,28.93000031,28.70000076,,27.21999931,26.70000076,,29.86000061,
San Marino,SMR,"Share of youth not in education, employment or training, total (% of youth population)",SL.UEM.NEET.ZS,,,,,,,,,,,,,,,,,,,,,,,,,,,,,,,,,,,,,,,,,,,,,,,,,,,,,,,,,
Somalia,SOM,"Share of youth not in education, employment or training, total (% of youth population)",SL.UEM.NEET.ZS,,,,,,,,,,,,,,,,,,,,,,,,,,,,,,,,,,,,,,,,,,,,,,,,,,,,,,,,,
Serbia,SRB,"Share of youth not in education, employment or training, total (% of youth population)",SL.UEM.NEET.ZS,,,,,,,,,,,,,,,,,,,,,,,,,,,,,,,,,,,,,,,,,,,,,,,,,,21.61000061,21.19000053,21.34000015,21.47999954,19.54000092,20.01000023,19.93000031,
Sub-Saharan Africa (excluding high income),SSA,"Share of youth not in education, employment or training, total (% of youth population)",SL.UEM.NEET.ZS,,,,,,,,,,,,,,,,,,,,,,,,,,,,,,,,,,,,,,,,,,,,,,,,,,,,,,,,,
South Sudan,SSD,"Share of youth not in education, employment or training, total (% of youth population)",SL.UEM.NEET.ZS,,,,,,,,,,,,,,,,,,,,,,,,,,,,,,,,,,,,,,,,,,,,,,,,,,,,,,,,,
Sub-Saharan Africa,SSF,"Share of youth not in education, employment or training, total (% of youth population)",SL.UEM.NEET.ZS,,,,,,,,,,,,,,,,,,,,,,,,,,,,,,,,,,,,,,,,,,,,,,,,,,,,,,,,,
Small states,SST,"Share of youth not in education, employment or training, total (% of youth population)",SL.UEM.NEET.ZS,,,,,,,,,,,,,,,,,,,,,,,,,,,,,,,,,,,,,,,,,,,,,,,,,,,,,,,,,
Sao Tome and Principe,STP,"Share of youth not in education, employment or training, total (% of youth population)",SL.UEM.NEET.ZS,,,,,,,,,,,,,,,,,,,,,,,,,,,,,,,,,,,,,,,,,,,,,,,,,,,,,,,,,
Suriname,SUR,"Share of youth not in education, employment or training, total (% of youth population)",SL.UEM.NEET.ZS,,,,,,,,,,,,,,,,,,,,,,,,,,,,,,,,,,,,,,,,,,,,,,,,,,,,,,,,,
Slovak Republic,SVK,"Share of youth not in education, employment or training, total (% of youth population)",SL.UEM.NEET.ZS,,,,,,,,,,,,,,,,,,,,,,,,,,,,,,,,,,,,,,,,,,,,16.97999954,17.07999992,15.85000038,14.35999966,12.55000019,11.06000042,12.55000019,14.09000015,13.81000042,13.81000042,13.68999958,12.80000019,13.72000027,
Slovenia,SVN,"Share of youth not in education, employment or training, total (% of youth population)",SL.UEM.NEET.ZS,,,,,,,,,,,,,,,,,,,,,,,,,,,,,,,,,,,,,,,,,,,,7.260000229,6.559999943,8.930000305,8.520000458,6.699999809,6.5,7.460000038,7.110000134,7.079999924,9.279999733,9.239999771,9.420000076,9.510000229,
Sweden,SWE,"Share of youth not in education, employment or training, total (% of youth population)",SL.UEM.NEET.ZS,,,,,,,,,,,,,,,,,,,,,,,,,,,,,,,,,,,,,,,,,,,,6.510000229,7.869999886,14.17000008,9.340000153,7.480000019,7.820000172,9.600000381,7.670000076,7.53000021,7.829999924,7.440000057,7.159999847,6.71999979,
Swaziland,SWZ,"Share of youth not in education, employment or training, total (% of youth population)",SL.UEM.NEET.ZS,,,,,,,,,,,,,,,,,,,,,,,,,,,,,,,,,,,,,,,,,,,,,,,,,,,,,,,,,
Sint Maarten (Dutch part),SXM,"Share of youth not in education, employment or training, total (% of youth population)",SL.UEM.NEET.ZS,,,,,,,,,,,,,,,,,,,,,,,,,,,,,,,,,,,,,,,,,,,,,,,,,,,,,,,,,
Seychelles,SYC,"Share of youth not in education, employment or training, total (% of youth population)",SL.UEM.NEET.ZS,,,,,,,,,,,,,,,,,,,,,,,,,,,,,,,,,,,,,,,,,,,,,,,,,,,,,,,,,
Syrian Arab Republic,SYR,"Share of youth not in education, employment or training, total (% of youth population)",SL.UEM.NEET.ZS,,,,,,,,,,,,,,,,,,,,,,,,,,,,,,,,,,,,,,,,,,,,,,,,,,,,,,,,,
Turks and Caicos Islands,TCA,"Share of youth not in education, employment or training, total (% of youth population)",SL.UEM.NEET.ZS,,,,,,,,,,,,,,,,,,,,,,,,,,,,,,,,,,,,,,,,,,,,,,,,,,,,,,,,,
Chad,TCD,"Share of youth not in education, employment or training, total (% of youth population)",SL.UEM.NEET.ZS,,,,,,,,,,,,,,,,,,,,,,,,,,,,,,,,,,,,,,,,,,,,,,,,,,,,,,,,,
East Asia & Pacific (IDA & IBRD countries),TEA,"Share of youth not in education, employment or training, total (% of youth population)",SL.UEM.NEET.ZS,,,,,,,,,,,,,,,,,,,,,,,,,,,,,,,,,,,,,,,,,,,,,,,,,,,,,,,,,
Europe & Central Asia (IDA & IBRD countries),TEC,"Share of youth not in education, employment or training, total (% of youth population)",SL.UEM.NEET.ZS,,,,,,,,,,,,,,,,,,,,,,,,,,,,,,,,,,,,,,,,,,,,,,,,,,18.82312014,18.68984424,17.90823407,17.45349933,16.83481416,17.10455656,16.7793827,
Togo,TGO,"Share of youth not in education, employment or training, total (% of youth population)",SL.UEM.NEET.ZS,,,,,,,,,,,,,,,,,,,,,,,,,,,,,,,,,,,,,,,,,,,,,,,,,,,,,,,,,
Thailand,THA,"Share of youth not in education, employment or training, total (% of youth population)",SL.UEM.NEET.ZS,,,,,,,,,,,,,,,,,,,,,,,,,,,,,,,,,,,,,,,,,,,,,,,,,,13.71000004,12.52000046,12.55000019,12.85000038,14.68999958,13.81000042,,
Tajikistan,TJK,"Share of youth not in education, employment or training, total (% of youth population)",SL.UEM.NEET.ZS,,,,,,,,,,,,,,,,,,,,,,,,,,,,,,,,,,,,,,,,,,,,,,,,,,,,,,,,,
Turkmenistan,TKM,"Share of youth not in education, employment or training, total (% of youth population)",SL.UEM.NEET.ZS,,,,,,,,,,,,,,,,,,,,,,,,,,,,,,,,,,,,,,,,,,,,,,,,,,,,,,,,,
Latin America & the Caribbean (IDA & IBRD countries),TLA,"Share of youth not in education, employment or training, total (% of youth population)",SL.UEM.NEET.ZS,,,,,,,,,,,,,,,,,,,,,,,,,,,,,,,,,,,,,,,,,,,,,,,,,,19.63127256,,19.72220525,19.31168663,20.13849388,19.31177165,,
Timor-Leste,TLS,"Share of youth not in education, employment or training, total (% of youth population)",SL.UEM.NEET.ZS,,,,,,,,,,,,,,,,,,,,,,,,,,,,,,,,,,,,,,,,,,,,,,,,,,,,,,,,,
Middle East & North Africa (IDA & IBRD countries),TMN,"Share of youth not in education, employment or training, total (% of youth population)",SL.UEM.NEET.ZS,,,,,,,,,,,,,,,,,,,,,,,,,,,,,,,,,,,,,,,,,,,,,,,,,,,,,,,,,
Tonga,TON,"Share of youth not in education, employment or training, total (% of youth population)",SL.UEM.NEET.ZS,,,,,,,,,,,,,,,,,,,,,,,,,,,,,,,,,,,,,,,,,,,,,,,,,,,,,,,,,
South Asia (IDA & IBRD),TSA,"Share of youth not in education, employment or training, total (% of youth population)",SL.UEM.NEET.ZS,,,,,,,,,,,,,,,,,,,,,,,,,,,,,,,,,,,,,,,,,,,,,26.12999916,,,,,,27.131171,,,,,,
Sub-Saharan Africa (IDA & IBRD countries),TSS,"Share of youth not in education, employment or training, total (% of youth population)",SL.UEM.NEET.ZS,,,,,,,,,,,,,,,,,,,,,,,,,,,,,,,,,,,,,,,,,,,,,,,,,,,,,,,,,
Trinidad and Tobago,TTO,"Share of youth not in education, employment or training, total (% of youth population)",SL.UEM.NEET.ZS,,,,,,,,,,,,,,,,,,,,,,,,,,,,,,,,,,,,,,,,,,,,,,,,,,,,,,52.52000046,,,
Tunisia,TUN,"Share of youth not in education, employment or training, total (% of youth population)",SL.UEM.NEET.ZS,,,,,,,,,,,,,,,,,,,,,,,,,,,,,,,,,,,,,,,,,,,,,,,,,,,,,,,,,
Turkey,TUR,"Share of youth not in education, employment or training, total (% of youth population)",SL.UEM.NEET.ZS,,,,,,,,,,,,,,,,,,,,,,,,,,,,,,,,,,,,,,,,,,,,,,,38.54999924,39.22000122,37.02000046,34.93999863,32.29000092,29.55999947,28.71999931,25.53000069,24.79000092,23.88999939,
Tuvalu,TUV,"Share of youth not in education, employment or training, total (% of youth population)",SL.UEM.NEET.ZS,,,,,,,,,,,,,,,,,,,,,,,,,,,,,,,,,,,,,,,,,,,,,,,,,,,,,,,,,
Tanzania,TZA,"Share of youth not in education, employment or training, total (% of youth population)",SL.UEM.NEET.ZS,,,,,,,,,,,,,,,,,,,,,,,,,,,,,,,,,,,,,,,,,,,,,,9.010000229,,,,,,,,,31.05999947,,
Uganda,UGA,"Share of youth not in education, employment or training, total (% of youth population)",SL.UEM.NEET.ZS,,,,,,,,,,,,,,,,,,,,,,,,,,,,,,,,,,,,,,,,,,,,,,8.090000153,,,,6.949999809,,,,5.909999847,,,
Ukraine,UKR,"Share of youth not in education, employment or training, total (% of youth population)",SL.UEM.NEET.ZS,,,,,,,,,,,,,,,,,,,,,,,,,,,,,,,,,,,,,,,,,,,,,,,,,,,,,,,19.97999954,17.62999916,
Upper middle income,UMC,"Share of youth not in education, employment or training, total (% of youth population)",SL.UEM.NEET.ZS,,,,,,,,,,,,,,,,,,,,,,,,,,,,,,,,,,,,,,,,,,,,,,,,,,,,,,,,,
Uruguay,URY,"Share of youth not in education, employment or training, total (% of youth population)",SL.UEM.NEET.ZS,,,,,,,,,,,,,,,,,,,,,,,,,,,,,,,,,,,,,,,,,,,,,,,,,,20.71999931,20.47999954,,,20.51000023,23.64999962,18.72999954,
United States,USA,"Share of youth not in education, employment or training, total (% of youth population)",SL.UEM.NEET.ZS,,,,,,,,,,,,,,,,,,,,,,,,,,,,,,,,,,,,,,,,,,,,,,,,,,17.45000076,17.63999939,17.12999916,16.48999977,,,,
Uzbekistan,UZB,"Share of youth not in education, employment or training, total (% of youth population)",SL.UEM.NEET.ZS,,,,,,,,,,,,,,,,,,,,,,,,,,,,,,,,,,,,,,,,,,,,,,,,,,,,,,,,,
St. Vincent and the Grenadines,VCT,"Share of youth not in education, employment or training, total (% of youth population)",SL.UEM.NEET.ZS,,,,,,,,,,,,,,,,,,,,,,,,,,,,,,,,,,,,,,,,,,,,,,,,,,,,,,,,,
"Venezuela, RB",VEN,"Share of youth not in education, employment or training, total (% of youth population)",SL.UEM.NEET.ZS,,,,,,,,,,,,,,,,,,,,,,,,,,,,,,,,,,,,,,,,,,,,,,,,,,18.45000076,19.19000053,,,,,,
British Virgin Islands,VGB,"Share of youth not in education, employment or training, total (% of youth population)",SL.UEM.NEET.ZS,,,,,,,,,,,,,,,,,,,,,,,,,,,,,,,,,,,,,,,,,,,,,,,,,,,,,,,,,
Virgin Islands (U.S.),VIR,"Share of youth not in education, employment or training, total (% of youth population)",SL.UEM.NEET.ZS,,,,,,,,,,,,,,,,,,,,,,,,,,,,,,,,,,,,,,,,,,,,,,,,,,,,,,,,,
Vietnam,VNM,"Share of youth not in education, employment or training, total (% of youth population)",SL.UEM.NEET.ZS,,,,,,,,,,,,,,,,,,,,,,,,,,,,,,,,,,,,,,,,,,,,,,,,,,,,,11.30000019,,,,
Vanuatu,VUT,"Share of youth not in education, employment or training, total (% of youth population)",SL.UEM.NEET.ZS,,,,,,,,,,,,,,,,,,,,,,,,,,,,,,,,,,,,,,,,,,,,,,,,,,,,,,,,,
World,WLD,"Share of youth not in education, employment or training, total (% of youth population)",SL.UEM.NEET.ZS,,,,,,,,,,,,,,,,,,,,,,,,,,,,,,,,,,,,,,,,,,,,,,,,,,,,,,,,,
Samoa,WSM,"Share of youth not in education, employment or training, total (% of youth population)",SL.UEM.NEET.ZS,,,,,,,,,,,,,,,,,,,,,,,,,,,,,,,,,,,,,,,,,,,,,,,,,,,,,80.37000275,,,,
Kosovo,XKX,"Share of youth not in education, employment or training, total (% of youth population)",SL.UEM.NEET.ZS,,,,,,,,,,,,,,,,,,,,,,,,,,,,,,,,,,,,,,,,,,,,,,,,,,,,,,,30.18000031,31.43000031,
"Yemen, Rep.",YEM,"Share of youth not in education, employment or training, total (% of youth population)",SL.UEM.NEET.ZS,,,,,,,,,,,,,,,,,,,,,,,,,,,,,,,,,,,,,,,,,,,,,,,,,,,,,,,,,
South Africa,ZAF,"Share of youth not in education, employment or training, total (% of youth population)",SL.UEM.NEET.ZS,,,,,,,,,,,,,,,,,,,,,,,,,,,,,,,,,,,,,,,,,,,,,,,,,,,,,31.44000053,31.96999931,31.30999947,30.5,
Zambia,ZMB,"Share of youth not in education, employment or training, total (% of youth population)",SL.UEM.NEET.ZS,,,,,,,,,,,,,,,,,,,,,,,,,,,,,,,,,,,,,,,,,,,,,,,,,12.93999958,,,,,,,,
Zimbabwe,ZWE,"Share of youth not in education, employment or training, total (% of youth population)",SL.UEM.NEET.ZS,,,,,,,,,,,,,,,,,,,,,,,,,,,,,,,,,,,,,,,,,,,,,,,,,,,,,,,,,
